{
  "total_trades": 77,
  "wins": 29,
  "losses": 48,
  "win_rate": 0.37662337662337664,
  "avg_r": -0.08029003964370991,
  "best_setups": [],
  "worst_setups": [],
  "notes": []
}