{
  "total_trades": 635,
  "wins": 197,
  "losses": 438,
  "win_rate": 0.3102362204724409,
  "avg_r": 0.07564016669669738
}