{
  "total_trades": 336,
  "wins": 85,
  "losses": 251,
  "win_rate": 0.25297619047619047,
  "avg_r": -0.20339704657612095
}