{
  "total_trades": 217,
  "wins": 56,
  "losses": 161,
  "win_rate": 0.25806451612903225,
  "avg_r": -0.12297230540629775
}