{
  "total_trades": 57,
  "wins": 19,
  "losses": 38,
  "win_rate": 0.3333333333333333,
  "avg_r": 0.2986922834465682
}