{
  "total_trades": 376,
  "wins": 105,
  "losses": 271,
  "win_rate": 0.27925531914893614,
  "avg_r": -0.15528361967614335
}